accDecay,costAccessRatio,deltaU0,deltaU1,indivMigrations,jobDistance0,jobDistance1,migration0,migration1,moveAversion,wealth,wealthGain,wealthSigma
14.038000674984517,4138486.577161252,0.0,-16.822075856378035,5.008264462809917,0.0,26.231783087418318,0.0,606.0,2666833.1405510874,3473188.6259703436,706434.9923142178,0.22826807146877204
14.038000674984517,4138486.577161252,0.0,-19.39466426706344,4.914529914529915,0.0,29.74033602796574,0.0,575.0,2666833.1405510874,3576145.9178609,929274.9515802796,0.22826807146877204
14.038000674984517,4138486.577161252,0.0,-21.060206216062248,5.070707070707071,0.0,30.578718849528894,0.0,502.0,2666833.1405510874,2743145.270129132,546793.0352183032,0.22826807146877204
14.038000674984517,4138486.577161252,0.0,-18.379472083373642,5.0,0.0,30.820273348681287,0.0,545.0,2666833.1405510874,3132422.10498714,674411.359267928,0.22826807146877204
14.038000674984517,4138486.577161252,0.0,-16.174698275206133,4.990990990990991,0.0,31.181019791789627,0.0,554.0,2666833.1405510874,3139412.509831013,638311.7984463405,0.22826807146877204
14.038000674984517,4138486.577161252,0.0,-13.488417098155926,4.955357142857143,0.0,28.521198366616282,0.0,555.0,2666833.1405510874,3122225.585221919,674290.9101477042,0.22826807146877204
14.038000674984517,4138486.577161252,0.0,-15.661271095293735,4.983193277310924,0.0,28.45392757982483,0.0,593.0,2666833.1405510874,3398913.6245218394,770460.4460972009,0.22826807146877204
14.038000674984517,4138486.577161252,0.0,-16.676614089261793,4.966101694915254,0.0,31.07897317369619,0.0,586.0,2666833.1405510874,3219049.528714157,431599.653981644,0.22826807146877204
14.038000674984517,4138486.577161252,0.0,-21.452377885314295,4.934579439252336,0.0,32.198606466478694,0.0,528.0,2666833.1405510874,2878226.690335596,574510.4682300094,0.22826807146877204
14.038000674984517,4138486.577161252,0.0,-12.294424503841412,4.957983193277311,0.0,31.119510181200756,0.0,590.0,2666833.1405510874,3070652.1589191663,382239.1232099199,0.22826807146877204
14.038000674984517,4138486.577161252,0.0,-17.616948547720842,5.081818181818182,0.0,30.78595355065206,0.0,559.0,2666833.1405510874,3113119.470423999,621007.2342087164,0.22826807146877204
14.038000674984517,4138486.577161252,0.0,-18.068408688997103,4.9035087719298245,0.0,30.268939401145442,0.0,559.0,2666833.1405510874,3422961.8574369443,848023.417331102,0.22826807146877204
14.038000674984517,4138486.577161252,0.0,-25.236147446647486,5.033057851239669,0.0,28.80145066885165,0.0,609.0,2666833.1405510874,3225566.927999012,592893.3804810744,0.22826807146877204
14.038000674984517,4138486.577161252,0.0,-19.076794312661058,5.027272727272727,0.0,28.714946196554045,0.0,553.0,2666833.1405510874,3063465.4219604763,621323.3089795401,0.22826807146877204
14.038000674984517,4138486.577161252,0.0,-19.291241864166025,5.074380165289257,0.0,29.245763108269877,0.0,614.0,2666833.1405510874,3533865.869255123,780157.0740214746,0.22826807146877204
14.038000674984517,4138486.577161252,0.0,-14.256642358378704,5.0636363636363635,0.0,30.260351416106236,0.0,557.0,2666833.1405510874,3274778.4448924814,775036.516897147,0.22826807146877204
14.038000674984517,4138486.577161252,0.0,-21.573499315481182,4.940677966101695,0.0,30.06361110141683,0.0,583.0,2666833.1405510874,3487250.9102885546,762464.0973520968,0.22826807146877204
14.038000674984517,4138486.577161252,0.0,-23.049529394011387,5.049586776859504,0.0,28.160443498982506,0.0,611.0,2666833.1405510874,3685314.861672619,877173.5638544065,0.22826807146877204
14.038000674984517,4138486.577161252,0.0,-22.667064807951697,5.036363636363636,0.0,30.74444346014433,0.0,554.0,2666833.1405510874,3160999.939533348,665351.2080662865,0.22826807146877204
14.038000674984517,4138486.577161252,0.0,-14.74737396884085,4.957983193277311,0.0,29.331660182920082,0.0,590.0,2666833.1405510874,3431906.253570553,736184.9868165727,0.22826807146877204
14.038000674984517,4138486.577161252,0.0,-23.46723470512202,4.963302752293578,0.0,29.95800927758151,0.0,541.0,2666833.1405510874,3185981.632827053,689744.467589274,0.22826807146877204
14.038000674984517,4138486.577161252,0.0,-18.025231089138327,5.081818181818182,0.0,29.413560608076022,0.0,559.0,2666833.1405510874,2824797.628201838,466134.4227666226,0.22826807146877204
14.038000674984517,4138486.577161252,0.0,-19.963248016493427,4.97457627118644,0.0,28.442367928577955,0.0,587.0,2666833.1405510874,3354101.4883169853,712896.8759362007,0.22826807146877204
14.038000674984517,4138486.577161252,0.0,-16.59362724088872,5.041322314049586,0.0,29.788255746093377,0.0,610.0,2666833.1405510874,3451361.756247836,769111.1319131241,0.22826807146877204
14.038000674984517,4138486.577161252,0.0,-24.233852544035308,5.041322314049586,0.0,27.60350098057988,0.0,610.0,2666833.1405510874,3531134.114012307,830035.4500580038,0.22826807146877204
14.038000674984517,4138486.577161252,0.0,-21.77005812534638,4.974789915966387,0.0,28.845867468102664,0.0,592.0,2666833.1405510874,3549176.752894983,767748.789376928,0.22826807146877204
14.038000674984517,4138486.577161252,0.0,-21.909263847155646,4.94017094017094,0.0,30.450318635943905,0.0,578.0,2666833.1405510874,3410994.297107756,701187.0435905536,0.22826807146877204
14.038000674984517,4138486.577161252,0.0,-15.668583179104003,5.072727272727272,0.0,32.53495104439989,0.0,558.0,2666833.1405510874,3071105.706231628,619811.3876012826,0.22826807146877204
14.038000674984517,4138486.577161252,0.0,-33.95161437348872,5.041322314049586,0.0,27.256876905341112,0.0,610.0,2666833.1405510874,3486716.7585430066,767872.5022667783,0.22826807146877204
14.038000674984517,4138486.577161252,0.0,-17.160272677363924,4.9035087719298245,0.0,29.205526216099077,0.0,559.0,2666833.1405510874,3305881.0989232757,733955.6096299555,0.22826807146877204
14.038000674984517,4138486.577161252,0.0,-19.867508525361693,4.938053097345133,0.0,26.992734728529527,0.0,558.0,2666833.1405510874,3253011.301966969,683678.7835383142,0.22826807146877204
14.038000674984517,4138486.577161252,0.0,-17.183940939345685,5.045454545454546,0.0,31.37384218313791,0.0,555.0,2666833.1405510874,3149856.765766109,735728.6235443779,0.22826807146877204
14.038000674984517,4138486.577161252,0.0,-23.558566545707116,5.0578512396694215,0.0,29.485337876906822,0.0,612.0,2666833.1405510874,3420308.250683211,742407.3238822116,0.22826807146877204
14.038000674984517,4138486.577161252,0.0,-17.76314974579408,4.931623931623932,0.0,30.726736505018263,0.0,577.0,2666833.1405510874,3459661.0080390214,764450.9283626743,0.22826807146877204
14.038000674984517,4138486.577161252,0.0,-20.63215064815142,5.041322314049586,0.0,28.499011448559315,0.0,610.0,2666833.1405510874,3609486.849023348,875439.0623971191,0.22826807146877204
14.038000674984517,4138486.577161252,0.0,-19.680212751661525,5.041322314049586,0.0,29.444059467117068,0.0,610.0,2666833.1405510874,3528864.3114991416,817430.5601086589,0.22826807146877204
14.038000674984517,4138486.577161252,0.0,-16.256310599125744,4.914529914529915,0.0,30.98102404188426,0.0,575.0,2666833.1405510874,3166115.968298926,545416.5929659618,0.22826807146877204
14.038000674984517,4138486.577161252,0.0,-16.6807983959495,5.049586776859504,0.0,28.08487838247709,0.0,611.0,2666833.1405510874,3356928.260345679,663648.3214365093,0.22826807146877204
14.038000674984517,4138486.577161252,0.0,-22.693310545376356,4.912280701754386,0.0,29.403075786729328,0.0,560.0,2666833.1405510874,3041866.598464296,445988.8651965897,0.22826807146877204
14.038000674984517,4138486.577161252,0.0,-21.296049164180832,4.904347826086957,0.0,29.261951506022363,0.0,564.0,2666833.1405510874,3249810.4828776005,703060.854573229,0.22826807146877204
4.240781199791764,4510621.093972769,0.0,-21.80882706340054,4.94392523364486,0.0,30.122185973087173,0.0,529.0,9596897.709679708,2863964.550662701,520612.0319107467,0.07771953795398408
4.240781199791764,4510621.093972769,0.0,-30.368156354455877,4.9411764705882355,0.0,30.65475476176554,0.0,588.0,9596897.709679708,3291971.4492104016,666378.3539516365,0.07771953795398408
4.240781199791764,4510621.093972769,0.0,-30.913659952821927,5.041322314049586,0.0,29.837089039155018,0.0,610.0,9596897.709679708,3466213.0089827445,809084.5955717104,0.07771953795398408
4.240781199791764,4510621.093972769,0.0,-27.198975482498362,5.074380165289257,0.0,28.908945320023495,0.0,614.0,9596897.709679708,3269940.8728408497,614338.9954714763,0.07771953795398408
4.240781199791764,4510621.093972769,0.0,-24.243078025758443,5.0,0.0,30.746528970203176,0.0,600.0,9596897.709679708,3535621.837046655,892910.1623320223,0.07771953795398408
4.240781199791764,4510621.093972769,0.0,-23.686375782697777,5.081818181818182,0.0,30.767212206061323,0.0,559.0,9596897.709679708,3155308.7868043203,699331.7885404142,0.07771953795398408
4.240781199791764,4510621.093972769,0.0,-23.736765451476597,4.973214285714286,0.0,29.96611868751731,0.0,557.0,9596897.709679708,3176549.712673337,686826.5366623009,0.07771953795398408
4.240781199791764,4510621.093972769,0.0,-23.36243128697566,5.045454545454546,0.0,33.40482497927765,0.0,555.0,9596897.709679708,3072546.695576628,618857.8372378835,0.07771953795398408
4.240781199791764,4510621.093972769,0.0,-19.597573523623712,5.033057851239669,0.0,29.1265459354699,0.0,609.0,9596897.709679708,3463462.297727512,777417.0022339524,0.07771953795398408
4.240781199791764,4510621.093972769,0.0,-26.46619754135705,4.983333333333333,0.0,28.019589188854003,0.0,598.0,9596897.709679708,3541892.293463498,869943.8180411925,0.07771953795398408
4.240781199791764,4510621.093972769,0.0,-29.107290195324627,4.921052631578948,0.0,29.132000373763677,0.0,561.0,9596897.709679708,3359438.8696325645,842305.6679398977,0.07771953795398408
4.240781199791764,4510621.093972769,0.0,-36.66990489266167,5.008264462809917,0.0,26.621117998071355,0.0,606.0,9596897.709679708,3302103.948570166,626940.5749496892,0.07771953795398408
4.240781199791764,4510621.093972769,0.0,-29.00712744452438,4.887931034482759,0.0,31.91160564174594,0.0,567.0,9596897.709679708,3139887.3646497563,593687.8420239291,0.07771953795398408
4.240781199791764,4510621.093972769,0.0,-33.147644715457325,4.923076923076923,0.0,31.070547563818362,0.0,576.0,9596897.709679708,3214087.2066709828,661551.4752904001,0.07771953795398408
4.240781199791764,4510621.093972769,0.0,-18.93343865594266,4.904347826086957,0.0,31.925046002541457,0.0,564.0,9596897.709679708,3233622.49223218,675706.9328627639,0.07771953795398408
4.240781199791764,4510621.093972769,0.0,-16.686141118075223,4.884615384615385,0.0,31.29544578241113,0.0,508.0,9596897.709679708,2824781.970982073,519386.54797788156,0.07771953795398408
4.240781199791764,4510621.093972769,0.0,-14.732571847105184,5.049586776859504,0.0,27.904930048191552,0.0,611.0,9596897.709679708,3444315.006055642,783449.6633178929,0.07771953795398408
4.240781199791764,4510621.093972769,0.0,-32.36743455515959,4.931623931623932,0.0,33.214820062918086,0.0,577.0,9596897.709679708,3165830.865334129,543567.6666194247,0.07771953795398408
4.240781199791764,4510621.093972769,0.0,-27.921672668075296,4.9035087719298245,0.0,30.560026992351922,0.0,559.0,9596897.709679708,3225872.745028481,695142.4814629734,0.07771953795398408
4.240781199791764,4510621.093972769,0.0,-21.5636433828251,4.990825688073395,0.0,33.37515317413427,0.0,544.0,9596897.709679708,2994880.1220698413,611852.3056659278,0.07771953795398408
4.240781199791764,4510621.093972769,0.0,-19.702161792111472,5.090909090909091,0.0,30.370839314113866,0.0,560.0,9596897.709679708,3065073.628366889,619691.111366077,0.07771953795398408
4.240781199791764,4510621.093972769,0.0,-26.72149501400469,4.94017094017094,0.0,31.617099985946915,0.0,578.0,9596897.709679708,3283977.5715536866,698955.5447021731,0.07771953795398408
4.240781199791764,4510621.093972769,0.0,-24.02858771054401,5.0,0.0,28.56704433541391,0.0,555.0,9596897.709679708,3229434.7834642967,760448.441628563,0.07771953795398408
4.240781199791764,4510621.093972769,0.0,-23.110397831987,4.912280701754386,0.0,31.542323390060336,0.0,560.0,9596897.709679708,3261404.833648311,736830.1727858996,0.07771953795398408
4.240781199791764,4510621.093972769,0.0,-29.903526751340205,5.033057851239669,0.0,29.896363028206153,0.0,609.0,9596897.709679708,3349810.9663918614,681701.038247251,0.07771953795398408
4.240781199791764,4510621.093972769,0.0,-29.46251005542409,5.027272727272727,0.0,30.215310374259943,0.0,553.0,9596897.709679708,3108275.492734206,678053.9639040398,0.07771953795398408
4.240781199791764,4510621.093972769,0.0,-21.82550577714956,4.955357142857143,0.0,31.098223428960257,0.0,555.0,9596897.709679708,2943383.1466943338,478379.30369103304,0.07771953795398408
4.240781199791764,4510621.093972769,0.0,-24.329701432166615,5.074380165289257,0.0,31.75213905932212,0.0,614.0,9596897.709679708,3450354.0941913463,791274.9826582879,0.07771953795398408
4.240781199791764,4510621.093972769,0.0,-35.950652439448135,4.9298245614035086,0.0,27.342810450905123,0.0,562.0,9596897.709679708,3039426.1564905653,525289.9315350099,0.07771953795398408
4.240781199791764,4510621.093972769,0.0,-30.001899459026863,4.974789915966387,0.0,30.74539192167704,0.0,592.0,9596897.709679708,3393898.115983232,764886.8837954762,0.07771953795398408
4.240781199791764,4510621.093972769,0.0,-28.065546882191512,5.0,0.0,31.166665840405564,0.0,545.0,9596897.709679708,2955733.966119172,546013.9744868415,0.07771953795398408
4.240781199791764,4510621.093972769,0.0,-32.053145282135574,5.074380165289257,0.0,28.08944005762335,0.0,614.0,9596897.709679708,3197051.138225827,497805.41551904636,0.07771953795398408
4.240781199791764,4510621.093972769,0.0,-28.078247963715143,5.009090909090909,0.0,28.840504735084544,0.0,551.0,9596897.709679708,2982686.868930882,547548.6455386002,0.07771953795398408
4.240781199791764,4510621.093972769,0.0,-15.904302388772805,5.072727272727272,0.0,31.547827858372884,0.0,558.0,9596897.709679708,2997465.7984637283,586081.5295382089,0.07771953795398408
4.240781199791764,4510621.093972769,0.0,-28.368885866029895,4.964601769911504,0.0,29.67172412965978,0.0,561.0,9596897.709679708,3085053.020990599,581824.0357734693,0.07771953795398408
4.240781199791764,4510621.093972769,0.0,-35.021465231497814,4.991666666666666,0.0,30.945701122909984,0.0,599.0,9596897.709679708,3280867.693436733,629877.4863019815,0.07771953795398408
4.240781199791764,4510621.093972769,0.0,-29.1998618988638,5.0578512396694215,0.0,30.66747456248006,0.0,612.0,9596897.709679708,3138157.9666299303,443743.8036123483,0.07771953795398408
4.240781199791764,4510621.093972769,0.0,-24.653204129897556,4.896551724137931,0.0,28.599447460277062,0.0,568.0,9596897.709679708,3207028.1626174445,637559.0031293381,0.07771953795398408
4.240781199791764,4510621.093972769,0.0,-19.722094328258425,5.066115702479339,0.0,30.286537713265872,0.0,613.0,9596897.709679708,3393288.604905252,755125.3698639419,0.07771953795398408
4.240781199791764,4510621.093972769,0.0,-37.062854156517744,4.931623931623932,0.0,29.634351906238816,0.0,577.0,9596897.709679708,3244734.416098942,669277.3580500007,0.07771953795398408
4.240781199791764,4510621.093972769,0.0,-22.46489515817614,5.036363636363636,0.0,29.839569180716573,0.0,554.0,9596897.709679708,3077750.056871505,659806.8005328296,0.07771953795398408
4.240781199791764,4510621.093972769,0.0,-33.91758364571083,5.082644628099174,0.0,31.392052528021313,0.0,615.0,9596897.709679708,3446059.5303499633,793082.7225565778,0.07771953795398408
4.240781199791764,4510621.093972769,0.0,-26.166869285123113,5.008264462809917,0.0,27.879136332672275,0.0,606.0,9596897.709679708,3395486.9614015548,692926.2358446665,0.07771953795398408
4.240781199791764,4510621.093972769,0.0,-23.536467203992668,5.074380165289257,0.0,29.349545371094763,0.0,614.0,9596897.709679708,3462726.7772542867,777449.1690460163,0.07771953795398408
4.240781199791764,4510621.093972769,0.0,-38.64377303387434,4.990990990990991,0.0,31.19019731574401,0.0,554.0,9596897.709679708,3357906.3588913106,911005.66236933,0.07771953795398408
4.240781199791764,4510621.093972769,0.0,-31.656062804717592,4.957264957264957,0.0,30.58815920992484,0.0,580.0,9596897.709679708,3195014.121852426,614440.5336395703,0.07771953795398408
4.240781199791764,4510621.093972769,0.0,-26.60706669698472,5.016528925619835,0.0,30.416985393597564,0.0,607.0,9596897.709679708,3371058.797046172,683117.5055645128,0.07771953795398408
4.240781199791764,4510621.093972769,0.0,-18.496849450286074,5.066115702479339,0.0,28.35114140471657,0.0,613.0,9596897.709679708,3200663.0912763714,536592.4242761184,0.07771953795398408
4.240781199791764,4510621.093972769,0.0,-21.407644115672454,5.036363636363636,0.0,29.426192767903125,0.0,554.0,9596897.709679708,3166754.612033718,757781.0218967976,0.07771953795398408
4.240781199791764,4510621.093972769,0.0,-19.054535105051404,4.955357142857143,0.0,30.638314517906938,0.0,555.0,9596897.709679708,3133700.045192833,695453.7270037202,0.07771953795398408
4.240781199791764,4510621.093972769,0.0,-21.390551715112746,5.041322314049586,0.0,30.26271166442161,0.0,610.0,9596897.709679708,3451174.3812044295,797695.2428577391,0.07771953795398408
4.240781199791764,4510621.093972769,0.0,-27.85666088299916,5.027272727272727,0.0,31.841537435134008,0.0,553.0,9596897.709679708,2961455.839706998,535486.7031269665,0.07771953795398408
4.240781199791764,4510621.093972769,0.0,-25.60630235923905,4.923728813559322,0.0,29.998526030795365,0.0,581.0,9596897.709679708,3229659.231664491,641109.5302048322,0.07771953795398408
4.240781199791764,4510621.093972769,0.0,-28.93037023991443,4.957983193277311,0.0,31.517196716428458,0.0,590.0,9596897.709679708,3580033.6706058816,966001.2325076474,0.07771953795398408
4.240781199791764,4510621.093972769,0.0,-18.57232960118626,5.027272727272727,0.0,33.855823585254875,0.0,553.0,9596897.709679708,3186376.286047684,764033.2001117924,0.07771953795398408
4.240781199791764,4510621.093972769,0.0,-23.696111109052527,4.905982905982906,0.0,35.446620176852605,0.0,574.0,9596897.709679708,3349973.2557673776,744717.5561726613,0.07771953795398408
4.240781199791764,4510621.093972769,0.0,-33.88821385613137,4.928571428571429,0.0,31.10059709111138,0.0,552.0,9596897.709679708,3391843.645841785,927531.766155836,0.07771953795398408
4.240781199791764,4510621.093972769,0.0,-26.854967920217465,5.0578512396694215,0.0,29.872589520249047,0.0,612.0,9596897.709679708,3397992.374968874,731046.4230470244,0.07771953795398408
4.240781199791764,4510621.093972769,0.0,-29.975068872233095,5.009009009009009,0.0,29.155188216614718,0.0,556.0,9596897.709679708,3037598.0636950987,561313.7458992957,0.07771953795398408
4.240781199791764,4510621.093972769,0.0,-22.29595606714848,5.1,0.0,30.56442266208106,0.0,561.0,9596897.709679708,3122493.24939101,672128.9870380445,0.07771953795398408
4.240781199791764,4510621.093972769,0.0,-22.7176493658446,5.054545454545455,0.0,28.830548939947516,0.0,556.0,9596897.709679708,3214083.7889440577,797855.180065865,0.07771953795398408
4.240781199791764,4510621.093972769,0.0,-22.516388198352193,4.929203539823009,0.0,27.96692212293956,0.0,557.0,9596897.709679708,3060813.946401322,586475.2387269299,0.07771953795398408
4.240781199791764,4510621.093972769,0.0,-20.125824932505857,4.905982905982906,0.0,29.258521816970642,0.0,574.0,9596897.709679708,3272266.9990954637,681830.1261288362,0.07771953795398408
4.240781199791764,4510621.093972769,0.0,-24.75139675049428,4.929203539823009,0.0,28.991026303980917,0.0,557.0,9596897.709679708,3127052.8704908793,642200.0655337243,0.07771953795398408
4.240781199791764,4510621.093972769,0.0,-25.53617966626469,5.027272727272727,0.0,30.386506382193584,0.0,553.0,9596897.709679708,3007579.067745339,545974.9493161128,0.07771953795398408
4.240781199791764,4510621.093972769,0.0,-33.28933729990611,4.938053097345133,0.0,30.1362616883418,0.0,558.0,9596897.709679708,3098349.702437526,616403.7766457928,0.07771953795398408
4.240781199791764,4510621.093972769,0.0,-22.789195064402186,4.96078431372549,0.0,31.99483063382662,0.0,506.0,9596897.709679708,2845523.8111197054,579355.4137251013,0.07771953795398408
4.240781199791764,4510621.093972769,0.0,-28.80527703394894,5.045454545454546,0.0,31.82521796133241,0.0,555.0,9596897.709679708,3069979.814217313,649268.6473432643,0.07771953795398408
4.240781199791764,4510621.093972769,0.0,-25.40346154900319,5.0578512396694215,0.0,27.356324009792512,0.0,612.0,9596897.709679708,3396364.1355087655,719082.2188660845,0.07771953795398408
4.240781199791764,4510621.093972769,0.0,-28.480567080531973,5.049586776859504,0.0,30.275882036214085,0.0,611.0,9596897.709679708,3860230.8402747414,1155646.869138326,0.07771953795398408
4.240781199791764,4510621.093972769,0.0,-26.593435492731277,5.099173553719008,0.0,27.562096603963425,0.0,617.0,9596897.709679708,3296777.9123434294,644530.6124535335,0.07771953795398408
4.240781199791764,4510621.093972769,0.0,-25.10591987039358,4.904347826086957,0.0,30.012722060154644,0.0,564.0,9596897.709679708,2979675.8006722145,437393.81604152627,0.07771953795398408
4.240781199791764,4510621.093972769,0.0,-21.874280854060544,5.0578512396694215,0.0,27.20785032848054,0.0,612.0,9596897.709679708,3434898.2394052194,797184.1419895071,0.07771953795398408
4.240781199791764,4510621.093972769,0.0,-29.78875570960043,4.983050847457627,0.0,29.623432036904006,0.0,588.0,9596897.709679708,3073046.252251654,479198.3356379181,0.07771953795398408
4.240781199791764,4510621.093972769,0.0,-19.165767988122713,4.957264957264957,0.0,28.456739925663786,0.0,580.0,9596897.709679708,3335606.3607070064,707190.244399409,0.07771953795398408
4.240781199791764,4510621.093972769,0.0,-24.66979467735125,5.033057851239669,0.0,27.96729464636211,0.0,609.0,9596897.709679708,3523432.089549336,886026.9172120674,0.07771953795398408
4.240781199791764,4510621.093972769,0.0,-18.067643056124297,5.054545454545455,0.0,33.05971167539761,0.0,556.0,9596897.709679708,3161180.0217154757,712072.196468236,0.07771953795398408
4.240781199791764,4510621.093972769,0.0,-20.259832926804165,5.090909090909091,0.0,28.035596034141523,0.0,560.0,9596897.709679708,3110614.37339649,676877.7798026762,0.07771953795398408
4.240781199791764,4510621.093972769,0.0,-25.498718484163557,4.932203389830509,0.0,28.300715742700056,0.0,582.0,9596897.709679708,3275094.089956196,661807.7207020232,0.07771953795398408
4.240781199791764,4510621.093972769,0.0,-29.45822385782429,4.944444444444445,0.0,33.372235588205996,0.0,534.0,9596897.709679708,3176233.737528151,767189.447262216,0.07771953795398408
4.240781199791764,4510621.093972769,0.0,-23.8630768602097,4.913793103448276,0.0,27.17994375654948,0.0,570.0,9596897.709679708,3175182.778977044,609557.4677325712,0.07771953795398408
4.240781199791764,4510621.093972769,0.0,-12.296145107017482,4.921739130434783,0.0,28.80262836822564,0.0,566.0,9596897.709679708,2887553.3324015555,342880.6718221958,0.07771953795398408
4.240781199791764,4510621.093972769,0.0,-18.084452118113692,4.990990990990991,0.0,30.70080349651876,0.0,554.0,9596897.709679708,3028569.6390005103,525618.2453285258,0.07771953795398408
4.240781199791764,4510621.093972769,0.0,-20.275213967798656,4.87719298245614,0.0,28.829875343566847,0.0,556.0,9596897.709679708,3125664.2663365514,604768.9358628131,0.07771953795398408
4.240781199791764,4510621.093972769,0.0,-27.866497885100497,5.027272727272727,0.0,31.039580439268246,0.0,553.0,9596897.709679708,2871624.3742392873,439383.92233788717,0.07771953795398408
4.240781199791764,4510621.093972769,0.0,-29.355579113784625,5.140495867768595,0.0,27.212688729863796,0.0,622.0,9596897.709679708,3332092.198585569,643829.0710183883,0.07771953795398408
4.240781199791764,4510621.093972769,0.0,-19.774907006721776,5.033057851239669,0.0,26.800024873093328,0.0,609.0,9596897.709679708,3228976.106727072,552730.7254158667,0.07771953795398408
4.240781199791764,4510621.093972769,0.0,-15.278351361522018,4.9298245614035086,0.0,28.97251752559028,0.0,562.0,9596897.709679708,3294863.6227336237,759070.0101082393,0.07771953795398408
4.240781199791764,4510621.093972769,0.0,-32.37856112801199,5.0,0.0,29.77386252237423,0.0,595.0,9596897.709679708,3320139.9081115886,724389.9419247428,0.07771953795398408
4.240781199791764,4510621.093972769,0.0,-19.48752313812061,5.033333333333333,0.0,31.209042668706964,0.0,604.0,9596897.709679708,3183008.44732989,530589.2009332577,0.07771953795398408
4.240781199791764,4510621.093972769,0.0,-25.73699382285096,5.009090909090909,0.0,32.32434509326124,0.0,551.0,9596897.709679708,2953170.572044326,525160.3684716336,0.07771953795398408
4.240781199791764,4510621.093972769,0.0,-38.59578921620939,5.0578512396694215,0.0,29.39141607380876,0.0,612.0,9596897.709679708,3430546.7206971734,760142.5353531963,0.07771953795398408
4.240781199791764,4510621.093972769,0.0,-19.99392052798826,4.983193277310924,0.0,29.295578987984452,0.0,593.0,9596897.709679708,3393608.970919207,767497.9321589747,0.07771953795398408
4.240781199791764,4510621.093972769,0.0,-21.09893731689704,5.049586776859504,0.0,28.32206643728878,0.0,611.0,9596897.709679708,3284415.3789210594,602613.5851895114,0.07771953795398408
4.240781199791764,4510621.093972769,0.0,-26.68820578347832,4.895652173913043,0.0,29.675697298062452,0.0,563.0,9596897.709679708,3204771.046016785,689685.0215368397,0.07771953795398408
4.240781199791764,4510621.093972769,0.0,-22.409781887169824,5.072727272727272,0.0,25.744382305172984,0.0,558.0,9596897.709679708,3224545.24796435,774254.1803613455,0.07771953795398408
19.276423409664638,1815877.188640296,0.0,-19.40049426639477,4.974789915966387,0.0,27.941953834122597,0.0,592.0,5427238.924029498,4758880.699017942,997904.5896174621,0.8905445049387123
4.240781199791764,4510621.093972769,0.0,-33.57448189036243,4.9035087719298245,0.0,31.28284220224344,0.0,559.0,9596897.709679708,2910154.8387522832,414856.5997169146,0.07771953795398408
4.240781199791764,4510621.093972769,0.0,-20.078323198146293,4.932203389830509,0.0,27.726847348864872,0.0,582.0,9596897.709679708,3377097.969891007,753467.1049115564,0.07771953795398408
4.240781199791764,4510621.093972769,0.0,-25.523686496950745,5.016666666666667,0.0,27.68121378029048,0.0,602.0,9596897.709679708,3294752.7262168983,649441.3837257635,0.07771953795398408
4.240781199791764,4510621.093972769,0.0,-28.20859841191823,4.905172413793103,0.0,28.414873041479183,0.0,569.0,9596897.709679708,3190191.04588576,638356.5888078215,0.07771953795398408
19.276423409664638,1815877.188640296,0.0,-17.300510667883888,5.0,0.0,31.040548857765685,0.0,555.0,5427238.924029498,4482779.386347412,839826.3066152993,0.8905445049387123
19.276423409664638,1815877.188640296,0.0,-21.352595454512,5.0,0.0,29.462826731584776,0.0,545.0,5427238.924029498,4940137.769472945,1129763.4166552678,0.8905445049387123
19.276423409664638,1815877.188640296,0.0,-25.245461464599014,4.9245283018867925,0.0,32.521168824436906,0.0,522.0,5427238.924029498,4402444.339811982,603279.6493782373,0.8905445049387123
19.276423409664638,1815877.188640296,0.0,-17.299711960695856,4.962962962962963,0.0,28.44014001530567,0.0,536.0,5427238.924029498,3993556.7301939903,664659.3197326709,0.8905445049387123
19.276423409664638,1815877.188640296,0.0,-21.301310142806027,4.940677966101695,0.0,30.258288234838695,0.0,583.0,5427238.924029498,4501908.103325908,890957.1525820772,0.8905445049387123
19.276423409664638,1815877.188640296,0.0,-19.44815814415423,4.905982905982906,0.0,29.002253454321693,0.0,574.0,5427238.924029498,5267068.972140677,1389150.273868852,0.8905445049387123
19.276423409664638,1815877.188640296,0.0,-20.164803018347833,5.0,0.0,32.70005612957412,0.0,555.0,5427238.924029498,4275892.939973869,943514.7399469537,0.8905445049387123
19.276423409664638,1815877.188640296,0.0,-17.89653743822535,4.973214285714286,0.0,31.664183383630746,0.0,557.0,5427238.924029498,4850815.467784795,1046516.7697254722,0.8905445049387123
19.276423409664638,1815877.188640296,0.0,-15.187498774364917,4.921052631578948,0.0,29.249289675959282,0.0,561.0,5427238.924029498,5471617.373528119,1291530.8442579955,0.8905445049387123
19.276423409664638,1815877.188640296,0.0,-19.700508876048044,5.027027027027027,0.0,30.663956106435425,0.0,558.0,5427238.924029498,5584413.125881256,1396999.3184013383,0.8905445049387123
19.276423409664638,1815877.188640296,0.0,-16.11352635655703,4.912621359223301,0.0,33.650119597226414,0.0,506.0,5427238.924029498,4573964.48615058,775514.0244579539,0.8905445049387123
19.276423409664638,1815877.188640296,0.0,-19.904362584224078,5.049586776859504,0.0,30.565394012058317,0.0,611.0,5427238.924029498,4562857.429230037,828781.9326579487,0.8905445049387123
19.276423409664638,1815877.188640296,0.0,-26.83109989248909,4.982300884955753,0.0,30.39824052562119,0.0,563.0,5427238.924029498,5128493.902431776,898972.3270617017,0.8905445049387123
19.276423409664638,1815877.188640296,0.0,-16.40950864245821,5.016666666666667,0.0,25.46145647012971,0.0,602.0,5427238.924029498,5067558.262316799,1172826.2228395978,0.8905445049387123
19.276423409664638,1815877.188640296,0.0,-17.7002509269764,4.97196261682243,0.0,30.430592852367667,0.0,532.0,5427238.924029498,4770516.094920509,1183165.5533019388,0.8905445049387123
19.276423409664638,1815877.188640296,0.0,-17.561935052384293,4.915254237288136,0.0,29.746586063654586,0.0,580.0,5427238.924029498,4568996.844769671,1152057.013986866,0.8905445049387123
19.276423409664638,1815877.188640296,0.0,-18.5706703716596,5.036363636363636,0.0,28.681920285351733,0.0,554.0,5427238.924029498,4464887.609693459,620310.1481611836,0.8905445049387123
19.276423409664638,1815877.188640296,0.0,-18.866170974963545,5.024793388429752,0.0,32.4162030681407,0.0,608.0,5427238.924029498,4893312.066429,1059291.8485315156,0.8905445049387123
19.276423409664638,1815877.188640296,0.0,-19.10049268528344,4.973214285714286,0.0,30.520219797065323,0.0,557.0,5427238.924029498,5762954.963560354,1108442.3465686478,0.8905445049387123
19.276423409664638,1815877.188640296,0.0,-22.314051429430133,4.931623931623932,0.0,30.091742459141503,0.0,577.0,5427238.924029498,4412729.427031845,622630.1413597487,0.8905445049387123
19.276423409664638,1815877.188640296,0.0,-17.9414229726576,5.036363636363636,0.0,31.379896576931802,0.0,554.0,5427238.924029498,4933231.128610473,1237264.0621105838,0.8905445049387123
19.276423409664638,1815877.188640296,0.0,-20.38653351688477,4.923076923076923,0.0,31.29178373834281,0.0,576.0,5427238.924029498,3830477.823097132,798270.7571255894,0.8905445049387123
19.276423409664638,1815877.188640296,0.0,-18.7184650987761,4.932038834951456,0.0,27.83021458685484,0.0,508.0,5427238.924029498,4048738.3177265697,832075.9371130144,0.8905445049387123
19.276423409664638,1815877.188640296,0.0,-10.848717040965862,4.948717948717949,0.0,33.30986137541356,0.0,579.0,5427238.924029498,4541312.5727932835,913454.7426726362,0.8905445049387123
19.276423409664638,1815877.188640296,0.0,-18.79082556452288,4.9245283018867925,0.0,31.215543380887002,0.0,522.0,5427238.924029498,4485764.838124589,798412.0411885754,0.8905445049387123
19.276423409664638,1815877.188640296,0.0,-21.94922437421354,5.072727272727272,0.0,29.270086356464187,0.0,558.0,5427238.924029498,5763139.18202074,1451166.2440720997,0.8905445049387123
19.276423409664638,1815877.188640296,0.0,-16.585944290097803,4.9491525423728815,0.0,29.61532668169068,0.0,584.0,5427238.924029498,5753950.020280595,1323857.308948531,0.8905445049387123
19.276423409664638,1815877.188640296,0.0,-19.531094762201032,4.914529914529915,0.0,27.27522404252232,0.0,575.0,5427238.924029498,5236271.992628234,1283573.970372555,0.8905445049387123
19.276423409664638,1815877.188640296,0.0,-14.688059758623293,5.036363636363636,0.0,27.47331005348693,0.0,554.0,5427238.924029498,4844570.1430205135,1063859.0887990452,0.8905445049387123
19.276423409664638,1815877.188640296,0.0,-17.265095718265272,4.929203539823009,0.0,30.677764092427786,0.0,557.0,5427238.924029498,4631575.352150149,969718.22758724,0.8905445049387123
19.276423409664638,1815877.188640296,0.0,-19.46607786546832,4.983193277310924,0.0,29.61647980959036,0.0,593.0,5427238.924029498,5295695.904923154,1116249.0920818325,0.8905445049387123
19.276423409664638,1815877.188640296,0.0,-20.455838289546495,5.016666666666667,0.0,27.679264237760165,0.0,602.0,5427238.924029498,5499877.81347381,1266396.9631775871,0.8905445049387123
19.276423409664638,1815877.188640296,0.0,-23.706403577451482,4.897435897435898,0.0,30.857971148551904,0.0,573.0,5427238.924029498,5115098.81266121,1151740.7158709988,0.8905445049387123
19.276423409664638,1815877.188640296,0.0,-15.851520636825493,5.072727272727272,0.0,29.13933288330378,0.0,558.0,5427238.924029498,4332780.1105582155,952359.1592274173,0.8905445049387123
19.276423409664638,1815877.188640296,0.0,-28.03338999773483,5.033057851239669,0.0,28.23864294489179,0.0,609.0,5427238.924029498,4473081.636111107,801633.3791357898,0.8905445049387123
19.276423409664638,1815877.188640296,0.0,-21.256311093518224,4.9743589743589745,0.0,30.653235897356808,0.0,582.0,5427238.924029498,4630186.072902687,1083956.5266285294,0.8905445049387123
19.276423409664638,1815877.188640296,0.0,-19.436369877683234,4.955357142857143,0.0,30.681179959688357,0.0,555.0,5427238.924029498,4368805.932608263,779321.8859702561,0.8905445049387123
19.276423409664638,1815877.188640296,0.0,-13.776701049096486,4.949579831932773,0.0,26.66982564633368,0.0,589.0,5427238.924029498,5603256.804348381,1205122.8918107722,0.8905445049387123
19.276423409664638,1815877.188640296,0.0,-20.847632818410975,4.87719298245614,0.0,29.15692545566198,0.0,556.0,5427238.924029498,4731623.300292735,623169.0635382725,0.8905445049387123
19.276423409664638,1815877.188640296,0.0,-24.740173334137214,4.9655172413793105,0.0,29.67424119944306,0.0,576.0,5427238.924029498,3888681.6531516504,585648.250192267,0.8905445049387123
19.276423409664638,1815877.188640296,0.0,-17.571537884189173,5.066115702479339,0.0,28.87522952876,0.0,613.0,5427238.924029498,5846092.445340773,1321290.670201461,0.8905445049387123
19.276423409664638,1815877.188640296,0.0,-17.619746707595347,4.938053097345133,0.0,29.452501486383486,0.0,558.0,5427238.924029498,5844991.779551099,1292712.4801111328,0.8905445049387123
19.276423409664638,1815877.188640296,0.0,-21.655592503508885,4.913793103448276,0.0,31.23174572173036,0.0,570.0,5427238.924029498,3888837.088747647,913801.638169325,0.8905445049387123
19.276423409664638,1815877.188640296,0.0,-18.842275568539716,5.054545454545455,0.0,31.02023593519908,0.0,556.0,5427238.924029498,4780912.724467175,964350.3483148931,0.8905445049387123
19.276423409664638,1815877.188640296,0.0,-18.856383440131054,5.082644628099174,0.0,28.480777203708016,0.0,615.0,5427238.924029498,5227576.668512181,1381974.480502096,0.8905445049387123
19.276423409664638,1815877.188640296,0.0,-20.24924573593074,5.033333333333333,0.0,27.490824834163238,0.0,604.0,5427238.924029498,5194595.962991933,1132640.4659060314,0.8905445049387123
19.276423409664638,1815877.188640296,0.0,-23.536413758959135,5.027272727272727,0.0,29.660240339210148,0.0,553.0,5427238.924029498,4234898.866849991,706807.5961932748,0.8905445049387123
19.276423409664638,1815877.188640296,0.0,-26.142519541552474,5.0578512396694215,0.0,27.341902135543418,0.0,612.0,5427238.924029498,4363817.2101446735,692531.946551033,0.8905445049387123
19.276423409664638,1815877.188640296,0.0,-19.051754160334255,4.955357142857143,0.0,34.92448572915555,0.0,555.0,5427238.924029498,5510285.494280152,1196159.3200828258,0.8905445049387123
19.276423409664638,1815877.188640296,0.0,-19.506992959846073,5.041666666666667,0.0,28.028142170188406,0.0,605.0,5427238.924029498,5850792.7681474695,1272320.5812976314,0.8905445049387123
19.276423409664638,1815877.188640296,0.0,-18.09335917984237,5.008333333333334,0.0,30.486256266002396,0.0,601.0,5427238.924029498,5651591.028288728,1611734.2696130218,0.8905445049387123
19.276423409664638,1815877.188640296,0.0,-21.54892976198501,4.904347826086957,0.0,29.07242484598289,0.0,564.0,5427238.924029498,5295877.116198485,1175053.3058675318,0.8905445049387123
19.276423409664638,1815877.188640296,0.0,-22.89219712286055,4.973214285714286,0.0,29.573722384454296,0.0,557.0,5427238.924029498,5585907.972547982,1533814.531342999,0.8905445049387123
19.276423409664638,1815877.188640296,0.0,-17.638221196656872,4.991666666666666,0.0,31.882136340556126,0.0,599.0,5427238.924029498,4937633.65475203,994426.9496160952,0.8905445049387123
19.276423409664638,1815877.188640296,0.0,-16.173329135265476,5.0181818181818185,0.0,27.506304773521762,0.0,552.0,5427238.924029498,4517114.132280986,796029.6290710403,0.8905445049387123
19.276423409664638,1815877.188640296,0.0,-15.70143328804688,5.054545454545455,0.0,27.561185447101675,0.0,556.0,5427238.924029498,3833891.1574632046,564887.4763388793,0.8905445049387123
19.276423409664638,1815877.188640296,0.0,-19.819927568025978,4.94392523364486,0.0,31.833578091821266,0.0,529.0,5427238.924029498,3528975.0654655355,585156.0256653571,0.8905445049387123
19.276423409664638,1815877.188640296,0.0,-17.059385978238993,4.990990990990991,0.0,29.93290280028583,0.0,554.0,5427238.924029498,4813670.576951204,1108208.9893519953,0.8905445049387123
19.276423409664638,1815877.188640296,0.0,-18.633950615415284,4.97457627118644,0.0,31.77045531875917,0.0,587.0,5427238.924029498,4596603.619256162,1012597.8726146051,0.8905445049387123
19.276423409664638,1815877.188640296,0.0,-18.753934508157332,5.0,0.0,30.429953176708576,0.0,605.0,5427238.924029498,4426916.623524743,1074081.126272497,0.8905445049387123
19.276423409664638,1815877.188640296,0.0,-27.60416763340913,4.966386554621849,0.0,26.387768393990964,0.0,591.0,5427238.924029498,5074970.626295972,691342.308706484,0.8905445049387123
19.276423409664638,1815877.188640296,0.0,-18.22640180956408,5.0,0.0,30.5221909341803,0.0,600.0,5427238.924029498,4886288.830940435,868281.7084407016,0.8905445049387123
19.276423409664638,1815877.188640296,0.0,-40.87668077482469,5.0578512396694215,0.0,28.311440127985644,0.0,612.0,5427238.924029498,4991554.229244553,1230090.7162121406,0.8905445049387123
19.276423409664638,1815877.188640296,0.0,-20.265948076816326,5.049586776859504,0.0,29.985924895064613,0.0,611.0,5427238.924029498,4743201.576385383,489143.2214127854,0.8905445049387123
19.276423409664638,1815877.188640296,0.0,-17.51034968517124,4.915094339622642,0.0,30.200320910167747,0.0,521.0,5427238.924029498,4176024.938390994,844985.7934780719,0.8905445049387123
19.276423409664638,1815877.188640296,0.0,-16.97080473923867,4.905172413793103,0.0,30.230956609396923,0.0,569.0,5427238.924029498,4257594.751958547,821770.8465891386,0.8905445049387123
19.276423409664638,1815877.188640296,0.0,-19.257131391515234,5.082644628099174,0.0,35.29326248981254,0.0,615.0,5427238.924029498,6644031.274264435,2266325.068596029,0.8905445049387123
19.276423409664638,1815877.188640296,0.0,-18.17822386109862,5.040404040404041,0.0,33.80781584352465,0.0,499.0,5427238.924029498,4342309.389798061,876237.6089428898,0.8905445049387123
19.276423409664638,1815877.188640296,0.0,-23.409997983342286,5.066115702479339,0.0,29.05116871178124,0.0,613.0,5427238.924029498,4857110.630878371,923690.6706571968,0.8905445049387123
19.276423409664638,1815877.188640296,0.0,-18.59566358587429,5.045454545454546,0.0,30.204410313502144,0.0,555.0,5427238.924029498,4818414.014731064,832968.4403596614,0.8905445049387123
19.276423409664638,1815877.188640296,0.0,-24.03427970625728,4.93859649122807,0.0,30.87393030598212,0.0,563.0,5427238.924029498,5201453.478564538,1196830.9142698634,0.8905445049387123
19.276423409664638,1815877.188640296,0.0,-20.730196677160897,5.036363636363636,0.0,31.24768467597465,0.0,554.0,5427238.924029498,4449644.633129936,809063.1778889461,0.8905445049387123
19.276423409664638,1815877.188640296,0.0,-17.91272070518649,4.9576271186440675,0.0,29.243127042349023,0.0,585.0,5427238.924029498,4728490.33487603,1107418.0336021092,0.8905445049387123
19.276423409664638,1815877.188640296,0.0,-24.63585528823722,4.878260869565217,0.0,29.326107950920136,0.0,561.0,5427238.924029498,4483770.444039424,925928.3468036457,0.8905445049387123
19.276423409664638,1815877.188640296,0.0,-19.487408014115296,4.930434782608696,0.0,30.416953708187407,0.0,567.0,5427238.924029498,4669463.195709456,1102497.6013256938,0.8905445049387123
19.276423409664638,1815877.188640296,0.0,-16.013841416241515,4.948717948717949,0.0,27.023391618992793,0.0,579.0,5427238.924029498,4965532.785632024,1164387.4554614297,0.8905445049387123
19.276423409664638,1815877.188640296,0.0,-18.657260692500625,5.066115702479339,0.0,26.865822904050866,0.0,613.0,5427238.924029498,5258874.90711995,1304607.0658628596,0.8905445049387123
19.276423409664638,1815877.188640296,0.0,-18.449238710230652,4.973214285714286,0.0,29.676686605419885,0.0,557.0,5427238.924029498,5544092.610201675,1553404.4077293773,0.8905445049387123
19.276423409664638,1815877.188640296,0.0,-19.497986359831835,5.033057851239669,0.0,28.700498376029962,0.0,609.0,5427238.924029498,3897032.991569816,778470.6928208121,0.8905445049387123
19.276423409664638,1815877.188640296,0.0,-17.595711458093906,4.9298245614035086,0.0,29.594785640494553,0.0,562.0,5427238.924029498,3858874.440646889,965108.8503535545,0.8905445049387123
19.276423409664638,1815877.188640296,0.0,-16.255345408804768,4.9504950495049505,0.0,30.827427451453044,0.0,500.0,5427238.924029498,3947188.1835382213,755878.4312991488,0.8905445049387123
19.276423409664638,1815877.188640296,0.0,-13.92908184466567,4.905172413793103,0.0,30.754705740626804,0.0,569.0,5427238.924029498,5011407.246627958,1026164.0413855069,0.8905445049387123
19.276423409664638,1815877.188640296,0.0,-20.175751074546195,4.91588785046729,0.0,32.027515035195336,0.0,526.0,5427238.924029498,4895692.125690257,946403.933907758,0.8905445049387123
19.276423409664638,1815877.188640296,0.0,-24.02988722100073,5.024793388429752,0.0,26.832442064337577,0.0,608.0,5427238.924029498,5096365.402193852,1004218.4982808934,0.8905445049387123
19.276423409664638,1815877.188640296,0.0,-20.65007684306248,4.9411764705882355,0.0,28.907815695308088,0.0,588.0,5427238.924029498,6252952.093628309,2007578.9215634689,0.8905445049387123
19.276423409664638,1815877.188640296,0.0,-27.962696188297144,4.97457627118644,0.0,30.75650686995842,0.0,587.0,5427238.924029498,4718138.0756821865,799592.693298267,0.8905445049387123
19.276423409664638,1815877.188640296,0.0,-18.566239205790872,4.933333333333334,0.0,29.324989406714955,0.0,518.0,5427238.924029498,5156763.296493345,1133142.8521952496,0.8905445049387123
19.276423409664638,1815877.188640296,0.0,-11.444107383281303,4.886956521739131,0.0,30.732395346311062,0.0,562.0,5427238.924029498,4738368.394597221,1208302.5996016872,0.8905445049387123
19.276423409664638,1815877.188640296,0.0,-22.640386909610346,5.024793388429752,0.0,29.97136663623686,0.0,608.0,5427238.924029498,4716046.594602645,963277.4035996877,0.8905445049387123
19.276423409664638,1815877.188640296,0.0,-18.086043713772813,5.036036036036036,0.0,28.586417398561274,0.0,559.0,5427238.924029498,4855945.915889114,985929.2991314379,0.8905445049387123
19.276423409664638,1815877.188640296,0.0,-14.44045227188575,4.946902654867257,0.0,28.186807638942934,0.0,559.0,5427238.924029498,5213851.259736816,1201637.5532127593,0.8905445049387123
19.276423409664638,1815877.188640296,0.0,-22.36030219802388,5.036363636363636,0.0,31.608736631883172,0.0,554.0,5427238.924029498,4376490.16949408,670925.8830692986,0.8905445049387123
19.276423409664638,1815877.188640296,0.0,-20.872658912525306,4.904347826086957,0.0,30.04161270099911,0.0,564.0,5427238.924029498,5255037.166814058,760855.6327558309,0.8905445049387123
19.276423409664638,1815877.188640296,0.0,-17.69218390645651,4.93859649122807,0.0,26.980077207893174,0.0,563.0,5427238.924029498,4758586.902533307,736141.8951127005,0.8905445049387123
19.276423409664638,1815877.188640296,0.0,-23.04166421173956,4.9298245614035086,0.0,27.067206922518643,0.0,562.0,5427238.924029498,4642225.113940287,1025901.1927651748,0.8905445049387123
19.276423409664638,1815877.188640296,0.0,-21.101453936462452,5.072727272727272,0.0,29.523407428155302,0.0,558.0,5427238.924029498,5160781.166804245,975586.9961939881,0.8905445049387123
19.276423409664638,1815877.188640296,0.0,-14.66289917313555,5.054545454545455,0.0,32.82107806204301,0.0,556.0,5427238.924029498,4472568.233254221,931526.066994214,0.8905445049387123
19.276423409664638,1815877.188640296,0.0,-15.665760623150545,4.898305084745763,0.0,29.004755147275365,0.0,578.0,5427238.924029498,4649946.675640664,886223.9018048599,0.8905445049387123
19.276423409664638,1815877.188640296,0.0,-18.735628771436954,4.964285714285714,0.0,30.829352521895597,0.0,556.0,5427238.924029498,4705044.89421097,885922.3103423275,0.8905445049387123
1.8532866812331847,3264636.714361957,0.0,-16.026681734216396,4.903846153846154,0.0,28.380928579040962,0.0,510.0,1225352.7771217024,2944106.280250476,591368.8618872339,0.19310540088256029
1.8532866812331847,3264636.714361957,0.0,-11.592906796225165,5.054545454545455,0.0,30.18644659169834,0.0,556.0,1225352.7771217024,3002914.9091158165,518940.9535522853,0.19310540088256029
1.8532866812331847,3264636.714361957,0.0,-19.921289201566537,4.892156862745098,0.0,27.984611677352774,0.0,499.0,1225352.7771217024,2759101.9199089613,456825.7678002138,0.19310540088256029
1.8532866812331847,3264636.714361957,0.0,-19.288929549115025,4.913793103448276,0.0,28.55949128661127,0.0,570.0,1225352.7771217024,3130148.272943595,476281.09911075985,0.19310540088256029
1.8532866812331847,3264636.714361957,0.0,-18.3726443823622,4.923728813559322,0.0,30.536135859644045,0.0,581.0,1225352.7771217024,3204389.9108886397,579355.9521910661,0.19310540088256029
1.8532866812331847,3264636.714361957,0.0,-13.005491856842626,5.016666666666667,0.0,29.350611791984853,0.0,602.0,1225352.7771217024,3371628.12995761,718532.7905911605,0.19310540088256029
1.8532866812331847,3264636.714361957,0.0,-11.669690816523536,5.041666666666667,0.0,31.21220048263247,0.0,605.0,1225352.7771217024,3522739.7340060472,811630.8362066597,0.19310540088256029
1.8532866812331847,3264636.714361957,0.0,-6.924182770665102,5.099173553719008,0.0,28.267447414523833,0.0,617.0,1225352.7771217024,3392421.448895123,634756.4640844588,0.19310540088256029
1.8532866812331847,3264636.714361957,0.0,-25.693119882801504,4.975,0.0,28.03011014972767,0.0,597.0,1225352.7771217024,3133679.124845581,516112.42776918516,0.19310540088256029
1.8532866812331847,3264636.714361957,0.0,-18.889617344706178,4.9245283018867925,0.0,32.48562486010496,0.0,522.0,1225352.7771217024,2946977.3176954845,531502.2592378359,0.19310540088256029
1.8532866812331847,3264636.714361957,0.0,-22.61524380880858,4.921052631578948,0.0,28.59484008651739,0.0,561.0,1225352.7771217024,3160064.485259855,565288.5753377122,0.19310540088256029
1.8532866812331847,3264636.714361957,0.0,-14.885114337468059,4.914529914529915,0.0,29.145581879964464,0.0,575.0,1225352.7771217024,3344771.0953158583,737411.4655893657,0.19310540088256029
1.8532866812331847,3264636.714361957,0.0,-36.80311378540147,4.922413793103448,0.0,28.129953256683784,0.0,571.0,1225352.7771217024,3293313.105466275,588564.4540407469,0.19310540088256029
1.8532866812331847,3264636.714361957,0.0,-7.8802338310291224,5.024793388429752,0.0,28.75660464451632,0.0,608.0,1225352.7771217024,3192811.6982449405,579964.6903600453,0.19310540088256029
1.8532866812331847,3264636.714361957,0.0,-17.157486119693658,4.966666666666667,0.0,28.666171643909383,0.0,596.0,1225352.7771217024,3286819.0692819254,664142.4480149251,0.19310540088256029
1.8532866812331847,3264636.714361957,0.0,-15.168623873485041,4.940677966101695,0.0,30.148426403857606,0.0,583.0,1225352.7771217024,3388523.5342187774,792688.6883807824,0.19310540088256029
1.8532866812331847,3264636.714361957,0.0,-15.287717644142193,5.036697247706422,0.0,31.05272708333321,0.0,549.0,1225352.7771217024,3118009.15831299,613812.4076348419,0.19310540088256029
1.8532866812331847,3264636.714361957,0.0,-14.818861054328549,4.913793103448276,0.0,30.378940861923212,0.0,570.0,1225352.7771217024,3251309.942204448,601835.2817422096,0.19310540088256029
1.8532866812331847,3264636.714361957,0.0,-18.55273383171151,4.904347826086957,0.0,30.035100242519096,0.0,564.0,1225352.7771217024,3225296.159911845,674997.9268687809,0.19310540088256029
1.8532866812331847,3264636.714361957,0.0,-12.408101233102173,4.914285714285715,0.0,31.71014183522797,0.0,516.0,1225352.7771217024,2871858.5521001364,534704.213590006,0.19310540088256029
1.8532866812331847,3264636.714361957,0.0,-14.12973023694264,5.066115702479339,0.0,29.663972192140303,0.0,613.0,1225352.7771217024,3337924.3763900897,669097.9323360277,0.19310540088256029
1.8532866812331847,3264636.714361957,0.0,-9.091235885978184,5.074380165289257,0.0,28.999459620123943,0.0,614.0,1225352.7771217024,3474328.4436336565,681503.3847285813,0.19310540088256029
1.8532866812331847,3264636.714361957,0.0,-15.533823925876412,4.938053097345133,0.0,31.16132088022402,0.0,558.0,1225352.7771217024,3196510.9430411025,727322.8802618678,0.19310540088256029
1.8532866812331847,3264636.714361957,0.0,-22.78655792631803,4.911504424778761,0.0,29.996875451839657,0.0,555.0,1225352.7771217024,3091366.2144154585,570727.0934151921,0.19310540088256029
1.8532866812331847,3264636.714361957,0.0,-16.117460414371813,4.990825688073395,0.0,27.042941644410142,0.0,544.0,1225352.7771217024,2977305.3813408436,554743.6637639011,0.19310540088256029
1.8532866812331847,3264636.714361957,0.0,-6.59012055251517,4.9576271186440675,0.0,31.13860189261286,0.0,585.0,1225352.7771217024,3269050.2181275794,711347.4663544423,0.19310540088256029
1.8532866812331847,3264636.714361957,0.0,-14.540502975328245,4.94017094017094,0.0,30.200001188859616,0.0,578.0,1225352.7771217024,3137907.8123379373,538219.2359481379,0.19310540088256029
1.8532866812331847,3264636.714361957,0.0,-15.729334977609804,4.982142857142857,0.0,29.775648926532075,0.0,558.0,1225352.7771217024,2988663.063253029,524166.59663874435,0.19310540088256029
1.8532866812331847,3264636.714361957,0.0,-9.30820592731193,5.049586776859504,0.0,29.425094355775702,0.0,611.0,1225352.7771217024,3243428.6400185814,438631.4081225582,0.19310540088256029
1.8532866812331847,3264636.714361957,0.0,-13.035654522823139,4.9576271186440675,0.0,29.99665962410637,0.0,585.0,1225352.7771217024,3214167.376758415,548621.7124736086,0.19310540088256029
1.8532866812331847,3264636.714361957,0.0,-10.477702785618149,5.041322314049586,0.0,29.344868072454595,0.0,610.0,1225352.7771217024,3372497.5608330593,645119.5923386896,0.19310540088256029
1.8532866812331847,3264636.714361957,0.0,-17.392711672497004,5.008403361344538,0.0,29.454933727163343,0.0,596.0,1225352.7771217024,3530904.7374042245,824573.9394193133,0.19310540088256029
1.8532866812331847,3264636.714361957,0.0,-32.861173270033596,5.045454545454546,0.0,29.849597716353372,0.0,555.0,1225352.7771217024,3248464.181811374,754349.9705565353,0.19310540088256029
1.8532866812331847,3264636.714361957,0.0,-51.349417937602674,4.940677966101695,0.0,32.900912474493055,0.0,583.0,1225352.7771217024,3318989.6869983585,749065.2285359927,0.19310540088256029
1.8532866812331847,3264636.714361957,0.0,-30.43832540847316,4.974789915966387,0.0,30.786693914753272,0.0,592.0,1225352.7771217024,3510179.9225014495,840991.0114137055,0.19310540088256029
1.8532866812331847,3264636.714361957,0.0,-9.186138723001855,4.949579831932773,0.0,28.02175581992001,0.0,589.0,1225352.7771217024,3360570.567877687,637202.9869019651,0.19310540088256029
1.8532866812331847,3264636.714361957,0.0,-8.81943448790447,4.966386554621849,0.0,33.09734294694756,0.0,591.0,1225352.7771217024,3434840.5534849768,724318.7292216173,0.19310540088256029
1.8532866812331847,3264636.714361957,0.0,-12.32398618191406,4.973214285714286,0.0,30.337002968550525,0.0,557.0,1225352.7771217024,3085969.189727475,660587.7189375418,0.19310540088256029
1.8532866812331847,3264636.714361957,0.0,-25.66623585663422,5.024793388429752,0.0,27.008095639114394,0.0,608.0,1225352.7771217024,3487357.5348558114,784005.7617017151,0.19310540088256029
1.8532866812331847,3264636.714361957,0.0,-17.347440603899404,4.9245283018867925,0.0,35.86154034010724,0.0,522.0,1225352.7771217024,2769674.797638311,416630.27750152274,0.19310540088256029
1.8532866812331847,3264636.714361957,0.0,-16.561376620789815,5.009090909090909,0.0,31.685299832963892,0.0,551.0,1225352.7771217024,3126585.7608674243,656639.3099299786,0.19310540088256029
1.8532866812331847,3264636.714361957,0.0,-11.547631625178862,4.940677966101695,0.0,31.550398503838895,0.0,583.0,1225352.7771217024,3398605.9451847286,711143.2311750228,0.19310540088256029
1.8532866812331847,3264636.714361957,0.0,-18.84945007419827,5.016528925619835,0.0,28.17258259944045,0.0,607.0,1225352.7771217024,3424933.337522552,712459.7105564186,0.19310540088256029
1.8532866812331847,3264636.714361957,0.0,-26.67626416345234,5.016528925619835,0.0,30.911508352328884,0.0,607.0,1225352.7771217024,3618236.176226711,837376.4184500393,0.19310540088256029
1.8532866812331847,3264636.714361957,0.0,-20.434636882067398,5.025,0.0,31.188326301035072,0.0,603.0,1225352.7771217024,3589302.019863199,916690.2639037748,0.19310540088256029
1.8532866812331847,3264636.714361957,0.0,-14.849191232203225,4.91588785046729,0.0,29.064972798899333,0.0,526.0,1225352.7771217024,2868583.7441698904,490028.22634175007,0.19310540088256029
1.8532866812331847,3264636.714361957,0.0,-14.758585113496828,5.033333333333333,0.0,28.19041945647762,0.0,604.0,1225352.7771217024,3166616.054024816,493703.91445440863,0.19310540088256029
1.8532866812331847,3264636.714361957,0.0,-9.78392543465708,4.912280701754386,0.0,30.497813279856114,0.0,560.0,1225352.7771217024,3146797.072734009,536188.0626292074,0.19310540088256029
1.8532866812331847,3264636.714361957,0.0,-12.770547622389287,5.072727272727272,0.0,32.3379041744235,0.0,558.0,1225352.7771217024,3187396.808194332,696762.33727348,0.19310540088256029
1.8532866812331847,3264636.714361957,0.0,-17.760189746458085,5.033057851239669,0.0,29.309823792591256,0.0,609.0,1225352.7771217024,3470009.0555890175,706035.2512212272,0.19310540088256029
1.8532866812331847,3264636.714361957,0.0,-20.684365508530163,4.929203539823009,0.0,28.873715699145404,0.0,557.0,1225352.7771217024,3042607.356795802,477305.0499802212,0.19310540088256029
1.8532866812331847,3264636.714361957,0.0,-14.947666758142187,5.016528925619835,0.0,29.419821409415725,0.0,607.0,1225352.7771217024,3372422.2202511616,644907.9809128518,0.19310540088256029
1.8532866812331847,3264636.714361957,0.0,-14.819946871556894,4.943396226415095,0.0,29.587458999968426,0.0,524.0,1225352.7771217024,3016259.024070425,533464.3449379929,0.19310540088256029
1.8532866812331847,3264636.714361957,0.0,-17.003306065922946,4.939655172413793,0.0,30.763514916614813,0.0,573.0,1225352.7771217024,3206743.3725943286,552505.7801160364,0.19310540088256029
1.8532866812331847,3264636.714361957,0.0,-18.896629558246747,5.033057851239669,0.0,27.826737175212685,0.0,609.0,1225352.7771217024,3147074.734236283,564779.2137725985,0.19310540088256029
1.8532866812331847,3264636.714361957,0.0,-11.792902079755097,4.983333333333333,0.0,29.51233787703892,0.0,598.0,1225352.7771217024,3305500.0518590105,616380.1009160565,0.19310540088256029
1.8532866812331847,3264636.714361957,0.0,-10.472947057261695,5.049586776859504,0.0,28.872619458825103,0.0,611.0,1225352.7771217024,3132907.672238156,373317.39486855885,0.19310540088256029
1.8532866812331847,3264636.714361957,0.0,-37.48596262213423,5.033057851239669,0.0,28.13395596033027,0.0,609.0,1225352.7771217024,3416523.663675896,733575.111726798,0.19310540088256029
1.8532866812331847,3264636.714361957,0.0,-16.32803931949865,5.045454545454546,0.0,29.041553047261335,0.0,555.0,1225352.7771217024,3111459.194337797,594525.0797474667,0.19310540088256029
1.8532866812331847,3264636.714361957,0.0,-10.978634481081516,5.0578512396694215,0.0,27.742753526173193,0.0,612.0,1225352.7771217024,3363643.4941568202,694976.0434267295,0.19310540088256029
1.8532866812331847,3264636.714361957,0.0,-26.728376237015706,5.033057851239669,0.0,26.962639814995665,0.0,609.0,1225352.7771217024,3436292.9567609695,644010.2974926524,0.19310540088256029
1.8532866812331847,3264636.714361957,0.0,-14.611342962631582,4.957983193277311,0.0,28.750528750088108,0.0,590.0,1225352.7771217024,3405881.73934827,718579.6223000836,0.19310540088256029
1.8532866812331847,3264636.714361957,0.0,-23.688422467880766,5.008333333333334,0.0,28.63785169611891,0.0,601.0,1225352.7771217024,3359357.1821673242,599192.7670688432,0.19310540088256029
1.8532866812331847,3264636.714361957,0.0,-12.241081373103643,5.016528925619835,0.0,28.59731983024031,0.0,607.0,1225352.7771217024,3416346.861101383,731339.2726092713,0.19310540088256029
1.8532866812331847,3264636.714361957,0.0,-20.447781645033373,4.923728813559322,0.0,31.31769061597229,0.0,581.0,1225352.7771217024,3340646.1855781036,674716.0610234629,0.19310540088256029
1.8532866812331847,3264636.714361957,0.0,-14.819480066502406,4.939655172413793,0.0,32.157911704962366,0.0,573.0,1225352.7771217024,3434920.4790401333,777314.9344097964,0.19310540088256029
1.8532866812331847,3264636.714361957,0.0,-13.728429918123199,5.074380165289257,0.0,30.08558485995625,0.0,614.0,1225352.7771217024,3480976.9688629787,702030.0144322093,0.19310540088256029
1.8532866812331847,3264636.714361957,0.0,-31.06566477270826,5.025,0.0,30.02193353267112,0.0,603.0,1225352.7771217024,3370796.8145850846,682227.3049243537,0.19310540088256029
1.8532866812331847,3264636.714361957,0.0,-10.519933549505852,4.964912280701754,0.0,30.118942586920852,0.0,566.0,1225352.7771217024,3009683.595633438,457192.7669147666,0.19310540088256029
1.8532866812331847,3264636.714361957,0.0,-12.794526674530271,4.896551724137931,0.0,32.00979396612465,0.0,568.0,1225352.7771217024,3165175.6628307495,575228.7168934252,0.19310540088256029
1.8532866812331847,3264636.714361957,0.0,-14.97456913588642,4.915254237288136,0.0,30.42131516442313,0.0,580.0,1225352.7771217024,3272373.799188581,605208.7987578483,0.19310540088256029
1.8532866812331847,3264636.714361957,0.0,-20.127595892140924,5.041322314049586,0.0,28.560787204598437,0.0,610.0,1225352.7771217024,3280396.8181836,592463.6445497619,0.19310540088256029
1.8532866812331847,3264636.714361957,0.0,-6.413278630352237,5.024793388429752,0.0,30.77644616171105,0.0,608.0,1225352.7771217024,3205481.6961930497,602567.4007901393,0.19310540088256029
1.8532866812331847,3264636.714361957,0.0,-12.214611177810879,4.963302752293578,0.0,31.992005791952366,0.0,541.0,1225352.7771217024,3056963.6123166075,596477.8790730176,0.19310540088256029
1.8532866812331847,3264636.714361957,0.0,-16.31798540600883,5.027027027027027,0.0,29.06211596158723,0.0,558.0,1225352.7771217024,2868030.8434547232,381620.0686091905,0.19310540088256029
1.8532866812331847,3264636.714361957,0.0,-18.17602061435581,5.0578512396694215,0.0,28.105359558886427,0.0,612.0,1225352.7771217024,3251859.5122388676,589239.7958898246,0.19310540088256029
1.8532866812331847,3264636.714361957,0.0,-26.621272970295916,4.990825688073395,0.0,30.60759487204999,0.0,544.0,1225352.7771217024,3054758.297460407,543760.7929759114,0.19310540088256029
1.8532866812331847,3264636.714361957,0.0,-17.49069368406769,5.008333333333334,0.0,27.9656071929228,0.0,601.0,1225352.7771217024,3510365.748683533,805111.9204321967,0.19310540088256029
1.8532866812331847,3264636.714361957,0.0,-11.71659449936769,5.036363636363636,0.0,27.493409833654844,0.0,554.0,1225352.7771217024,3095926.811420912,585668.8867014649,0.19310540088256029
1.8532866812331847,3264636.714361957,0.0,-11.49258774124443,4.895652173913043,0.0,31.163151073719476,0.0,563.0,1225352.7771217024,3088332.950434651,455540.32528506423,0.19310540088256029
1.8532866812331847,3264636.714361957,0.0,-23.315950708740456,4.94017094017094,0.0,29.029976858840723,0.0,578.0,1225352.7771217024,3316805.3570972346,803513.2752913093,0.19310540088256029
1.8532866812331847,3264636.714361957,0.0,-14.851214020366866,4.991596638655462,0.0,30.335259062959246,0.0,594.0,1225352.7771217024,3174557.6270496505,561520.8885800367,0.19310540088256029
1.8532866812331847,3264636.714361957,0.0,-21.803713261314105,5.036363636363636,0.0,33.09201492198732,0.0,554.0,1225352.7771217024,3077422.0941995434,706845.581138639,0.19310540088256029
1.8532866812331847,3264636.714361957,0.0,-19.879587874085875,5.024793388429752,0.0,28.43213870848294,0.0,608.0,1225352.7771217024,3625112.1630122657,922342.7871582764,0.19310540088256029
1.8532866812331847,3264636.714361957,0.0,-17.72366707589265,4.947368421052632,0.0,31.76053262685958,0.0,564.0,1225352.7771217024,3244806.8508302746,683230.5391809617,0.19310540088256029
1.8532866812331847,3264636.714361957,0.0,-13.21027288000742,4.957983193277311,0.0,29.220036820605007,0.0,590.0,1225352.7771217024,3179259.83087488,533255.5667112725,0.19310540088256029
1.8532866812331847,3264636.714361957,0.0,-30.06666475409453,5.0,0.0,32.02638650051854,0.0,555.0,1225352.7771217024,2930776.0403383723,452453.67581103905,0.19310540088256029
1.8532866812331847,3264636.714361957,0.0,-12.344838865549702,4.915254237288136,0.0,29.153327672732395,0.0,580.0,1225352.7771217024,3430551.7301778607,740686.2586454834,0.19310540088256029
1.8532866812331847,3264636.714361957,0.0,-16.955413422401364,4.990990990990991,0.0,29.682973096142305,0.0,554.0,1225352.7771217024,3127069.0818422413,497250.4926949923,0.19310540088256029
1.8532866812331847,3264636.714361957,0.0,-18.100347907825896,4.915254237288136,0.0,26.16701508580994,0.0,580.0,1225352.7771217024,3228257.0996347824,564936.3545846103,0.19310540088256029
1.8532866812331847,3264636.714361957,0.0,-27.80361654856528,4.923076923076923,0.0,31.959256784420383,0.0,576.0,1225352.7771217024,3093577.1873673745,562057.5865996182,0.19310540088256029
1.8532866812331847,3264636.714361957,0.0,-30.20529564057096,5.009174311926605,0.0,29.277037879598517,0.0,546.0,1225352.7771217024,2889700.1859551487,490595.3580069605,0.19310540088256029
1.8532866812331847,3264636.714361957,0.0,-19.129380913443317,4.982142857142857,0.0,34.31741640311737,0.0,558.0,1225352.7771217024,2984163.575413521,440926.82222548156,0.19310540088256029
1.8532866812331847,3264636.714361957,0.0,-15.46541794068605,4.940677966101695,0.0,31.920894836057183,0.0,583.0,1225352.7771217024,3465532.029759571,761306.5699626565,0.19310540088256029
1.8532866812331847,3264636.714361957,0.0,-13.309286893623407,5.0,0.0,30.592554545825415,0.0,600.0,1225352.7771217024,3152194.0783383483,495125.4859244735,0.19310540088256029
1.8532866812331847,3264636.714361957,0.0,-27.07362922849864,5.009090909090909,0.0,31.638867268803054,0.0,551.0,1225352.7771217024,3106056.5313902367,651767.7430135129,0.19310540088256029
1.8532866812331847,3264636.714361957,0.0,-12.90259944063789,5.045454545454546,0.0,28.24335633190112,0.0,555.0,1225352.7771217024,3329137.578203663,830829.7133167249,0.19310540088256029
1.8532866812331847,3264636.714361957,0.0,-17.77808656152774,5.027272727272727,0.0,31.510239673358708,0.0,553.0,1225352.7771217024,3001241.3406648305,500314.1564323065,0.19310540088256029
1.8532866812331847,3264636.714361957,0.0,-17.495731568069335,4.946428571428571,0.0,29.72380420666814,0.0,554.0,1225352.7771217024,3331664.535145683,775712.093918674,0.19310540088256029
15.84350112548336,6336704.609003587,0.0,-24.63753477793421,5.033057851239669,0.0,30.053190396572727,0.0,609.0,6044780.990777925,3377102.6935977517,742401.9052180797,0.16124731123219152
1.8532866812331847,3264636.714361957,0.0,-12.441032169523183,5.016528925619835,0.0,27.30312876688062,0.0,607.0,1225352.7771217024,3353373.9063698826,671483.5797086428,0.19310540088256029
15.84350112548336,6336704.609003587,0.0,-20.759952975023996,5.036363636363636,0.0,29.76854235693777,0.0,554.0,6044780.990777925,3129124.341687967,657910.0151300617,0.16124731123219152
15.84350112548336,6336704.609003587,0.0,-23.443944697590435,4.887931034482759,0.0,28.96826863756735,0.0,567.0,6044780.990777925,3554557.842369989,955513.2836478527,0.16124731123219152
15.84350112548336,6336704.609003587,0.0,-21.2000926048767,4.966386554621849,0.0,29.201705648459097,0.0,591.0,6044780.990777925,3218996.9945179145,549360.4753756393,0.16124731123219152
15.84350112548336,6336704.609003587,0.0,-23.46338663955266,5.041322314049586,0.0,29.82101570943926,0.0,610.0,6044780.990777925,3400583.179443163,699589.7084194302,0.16124731123219152
15.84350112548336,6336704.609003587,0.0,-22.497881362241824,5.090909090909091,0.0,29.444544400218067,0.0,560.0,6044780.990777925,3228003.266059954,715716.6012508381,0.16124731123219152
15.84350112548336,6336704.609003587,0.0,-15.17743457655297,4.95575221238938,0.0,29.612640488858062,0.0,560.0,6044780.990777925,3190994.6617660727,698085.6653507242,0.16124731123219152
15.84350112548336,6336704.609003587,0.0,-35.717366942335126,5.082644628099174,0.0,31.050849836231716,0.0,615.0,6044780.990777925,3262964.099159368,546387.1147728582,0.16124731123219152
15.84350112548336,6336704.609003587,0.0,-25.09465201985333,4.972222222222222,0.0,29.812811873418813,0.0,537.0,6044780.990777925,2919571.3054967085,445484.89837054576,0.16124731123219152
15.84350112548336,6336704.609003587,0.0,-22.81659724191558,4.97457627118644,0.0,28.467299859192952,0.0,587.0,6044780.990777925,3294347.651122976,676935.0674788582,0.16124731123219152
15.84350112548336,6336704.609003587,0.0,-24.655393592488704,5.082644628099174,0.0,28.34335916088284,0.0,615.0,6044780.990777925,3550108.3338892595,865926.7821366068,0.16124731123219152
15.84350112548336,6336704.609003587,0.0,-16.543915188740883,5.054545454545455,0.0,30.25297658892744,0.0,556.0,6044780.990777925,3111114.848259431,681331.7408385916,0.16124731123219152
15.84350112548336,6336704.609003587,0.0,-25.94242750110588,5.0578512396694215,0.0,27.35855240257464,0.0,612.0,6044780.990777925,3545109.2581277895,826184.5548240367,0.16124731123219152
15.84350112548336,6336704.609003587,0.0,-17.400219176631058,4.915254237288136,0.0,26.83528528378027,0.0,580.0,6044780.990777925,3321356.0055029923,693733.9426268787,0.16124731123219152
15.84350112548336,6336704.609003587,0.0,-24.579199447385765,5.049586776859504,0.0,30.444498968846244,0.0,611.0,6044780.990777925,3440549.338951267,756172.4194941785,0.16124731123219152
15.84350112548336,6336704.609003587,0.0,-25.391837278382717,4.9035087719298245,0.0,29.33476737262108,0.0,559.0,6044780.990777925,3294989.4000057564,718778.7566686054,0.16124731123219152
15.84350112548336,6336704.609003587,0.0,-16.126452679535713,5.045454545454546,0.0,31.206339758660462,0.0,555.0,6044780.990777925,3169771.058138411,748421.0683638799,0.16124731123219152
15.84350112548336,6336704.609003587,0.0,-18.775111707191353,5.036363636363636,0.0,31.5812061740094,0.0,554.0,6044780.990777925,3142266.9436770054,641313.632934442,0.16124731123219152
15.84350112548336,6336704.609003587,0.0,-21.87216056190885,4.981981981981982,0.0,31.693538131036437,0.0,553.0,6044780.990777925,3263141.6060272227,761033.3535217132,0.16124731123219152
15.84350112548336,6336704.609003587,0.0,-22.49031345043901,4.920353982300885,0.0,30.729867826343614,0.0,556.0,6044780.990777925,3047935.612419284,528270.3576819216,0.16124731123219152
15.84350112548336,6336704.609003587,0.0,-15.279139812117418,4.9298245614035086,0.0,30.141011357124746,0.0,562.0,6044780.990777925,3192817.3140379824,683597.861273032,0.16124731123219152
15.84350112548336,6336704.609003587,0.0,-29.62815003519469,5.016666666666667,0.0,29.262817041537218,0.0,602.0,6044780.990777925,3328387.1132324515,632908.7954576019,0.16124731123219152
15.84350112548336,6336704.609003587,0.0,-18.37745350657344,4.93859649122807,0.0,31.806324865835396,0.0,563.0,6044780.990777925,3356110.436773685,776359.898085767,0.16124731123219152
15.84350112548336,6336704.609003587,0.0,-18.347705606223776,5.0636363636363635,0.0,31.661579463187277,0.0,557.0,6044780.990777925,3132514.099899265,726314.7767377833,0.16124731123219152
15.84350112548336,6336704.609003587,0.0,-22.820719978909413,4.9907407407407405,0.0,30.65925999761253,0.0,539.0,6044780.990777925,3123963.101352759,728785.8554179851,0.16124731123219152
15.84350112548336,6336704.609003587,0.0,-14.734156359592317,4.886792452830188,0.0,28.421752631093238,0.0,518.0,6044780.990777925,2911858.8569809496,531232.7504233877,0.16124731123219152
15.84350112548336,6336704.609003587,0.0,-21.969260810610553,5.045454545454546,0.0,28.588654979791773,0.0,555.0,6044780.990777925,3189264.347141822,739928.8869904773,0.16124731123219152
15.84350112548336,6336704.609003587,0.0,-17.33154229966215,5.036363636363636,0.0,30.96420458529052,0.0,554.0,6044780.990777925,2959285.611077245,499714.20283048,0.16124731123219152
15.84350112548336,6336704.609003587,0.0,-16.668763227944762,4.895238095238096,0.0,30.1507787380866,0.0,514.0,6044780.990777925,2965497.2249031533,650032.227991174,0.16124731123219152
15.84350112548336,6336704.609003587,0.0,-33.407013582554875,5.033057851239669,0.0,27.697078794327734,0.0,609.0,6044780.990777925,3483867.3624512386,760024.2725491426,0.16124731123219152
15.84350112548336,6336704.609003587,0.0,-24.7315856299178,5.033057851239669,0.0,28.656270048227512,0.0,609.0,6044780.990777925,3599509.4998714994,821672.1806953049,0.16124731123219152
15.84350112548336,6336704.609003587,0.0,-13.24891210616208,4.957983193277311,0.0,30.529018083990042,0.0,590.0,6044780.990777925,3542361.7105565723,828601.2029169365,0.16124731123219152
15.84350112548336,6336704.609003587,0.0,-17.02363165228339,4.923076923076923,0.0,28.001432513227506,0.0,576.0,6044780.990777925,3265887.336469079,653836.1718197904,0.16124731123219152
15.84350112548336,6336704.609003587,0.0,-20.869685790968393,5.045454545454546,0.0,28.476364816422812,0.0,555.0,6044780.990777925,3257241.7562379376,739391.2618879661,0.16124731123219152
15.84350112548336,6336704.609003587,0.0,-18.10218854988992,4.9576271186440675,0.0,29.688928960764834,0.0,585.0,6044780.990777925,3447265.128851922,841497.9792531905,0.16124731123219152
15.84350112548336,6336704.609003587,0.0,-22.789829531829227,4.97457627118644,0.0,29.72283702866218,0.0,587.0,6044780.990777925,3285153.0183430584,671601.0612639631,0.16124731123219152
15.84350112548336,6336704.609003587,0.0,-18.361302479859468,4.95575221238938,0.0,29.06800553882643,0.0,560.0,6044780.990777925,3330402.0895514647,735751.0052842547,0.16124731123219152
15.84350112548336,6336704.609003587,0.0,-16.64427232943303,5.024793388429752,0.0,30.425698990502042,0.0,608.0,6044780.990777925,3726622.444478528,1018945.3304234426,0.16124731123219152
15.84350112548336,6336704.609003587,0.0,-25.806070283425406,4.9576271186440675,0.0,32.545321463343186,0.0,585.0,6044780.990777925,3227607.5165453325,635573.0679618969,0.16124731123219152
15.84350112548336,6336704.609003587,0.0,-21.330344286019486,4.931034482758621,0.0,30.41016691051562,0.0,572.0,6044780.990777925,3458704.919333365,913671.2106317931,0.16124731123219152
15.84350112548336,6336704.609003587,0.0,-19.300379714440556,5.033057851239669,0.0,26.949791042202076,0.0,609.0,6044780.990777925,3144714.9657603526,414827.38796674425,0.16124731123219152
15.84350112548336,6336704.609003587,0.0,-18.816340901024358,5.024793388429752,0.0,23.89727658029965,0.0,608.0,6044780.990777925,3239390.3820958002,550584.3366225769,0.16124731123219152
15.84350112548336,6336704.609003587,0.0,-22.85888021599937,4.981651376146789,0.0,31.496471562998423,0.0,543.0,6044780.990777925,3027219.266602563,569560.9412436528,0.16124731123219152
15.84350112548336,6336704.609003587,0.0,-18.492690954244544,5.033057851239669,0.0,27.669749592443832,0.0,609.0,6044780.990777925,3515441.0223790803,816927.8764911648,0.16124731123219152
15.84350112548336,6336704.609003587,0.0,-18.841397308464675,4.934579439252336,0.0,30.35238802584047,0.0,528.0,6044780.990777925,2861204.397412689,435544.87951022416,0.16124731123219152
15.84350112548336,6336704.609003587,0.0,-19.132853437318673,4.912280701754386,0.0,31.14407315691934,0.0,560.0,6044780.990777925,3294334.883748124,746866.1351655407,0.16124731123219152
15.84350112548336,6336704.609003587,0.0,-21.139502470813863,4.940677966101695,0.0,28.953766129397007,0.0,583.0,6044780.990777925,3103092.296977722,515326.3626681026,0.16124731123219152
15.84350112548336,6336704.609003587,0.0,-19.85283408019056,5.0578512396694215,0.0,29.602941017641072,0.0,612.0,6044780.990777925,3563572.044707922,833311.8796602667,0.16124731123219152
15.84350112548336,6336704.609003587,0.0,-21.330881186351903,4.9576271186440675,0.0,27.127137142956727,0.0,585.0,6044780.990777925,3196689.0292830574,541976.824810774,0.16124731123219152
15.84350112548336,6336704.609003587,0.0,-25.051499516200092,4.983193277310924,0.0,28.452999695030847,0.0,593.0,6044780.990777925,3472967.015042087,836826.7057721965,0.16124731123219152
15.84350112548336,6336704.609003587,0.0,-16.14509256573081,4.953271028037383,0.0,29.6946452765756,0.0,530.0,6044780.990777925,2972525.7596142176,616415.1136762714,0.16124731123219152
15.84350112548336,6336704.609003587,0.0,-14.540427025967158,4.895652173913043,0.0,30.613711832312717,0.0,563.0,6044780.990777925,3463922.585096967,886040.5115700653,0.16124731123219152
15.84350112548336,6336704.609003587,0.0,-21.63035997242687,5.008333333333334,0.0,30.24535706222877,0.0,601.0,6044780.990777925,3353557.7517799716,655028.633854209,0.16124731123219152
15.84350112548336,6336704.609003587,0.0,-22.71601416395428,4.982142857142857,0.0,30.865863804559755,0.0,558.0,6044780.990777925,3221685.2151530343,674392.9477087456,0.16124731123219152
15.84350112548336,6336704.609003587,0.0,-14.643314203733638,4.9375,0.0,29.894289990484943,0.0,553.0,6044780.990777925,3204166.1195609816,719483.2561391095,0.16124731123219152
15.84350112548336,6336704.609003587,0.0,-20.554063546400098,5.033057851239669,0.0,29.85264306992017,0.0,609.0,6044780.990777925,3324699.701920901,620488.9033491503,0.16124731123219152
15.84350112548336,6336704.609003587,0.0,-19.51535158746633,5.0636363636363635,0.0,30.292131650875728,0.0,557.0,6044780.990777925,3224423.183051662,739084.5520885632,0.16124731123219152
15.84350112548336,6336704.609003587,0.0,-17.36848296626698,4.9576271186440675,0.0,28.677627630815966,0.0,585.0,6044780.990777925,3106455.123873408,572710.3551460019,0.16124731123219152
15.84350112548336,6336704.609003587,0.0,-20.410166173612357,5.024793388429752,0.0,28.966436628476128,0.0,608.0,6044780.990777925,3337608.305153371,590273.6649971928,0.16124731123219152
15.84350112548336,6336704.609003587,0.0,-20.64734629380115,4.940677966101695,0.0,29.342374882705382,0.0,583.0,6044780.990777925,3553633.888147665,859257.9307925979,0.16124731123219152
15.84350112548336,6336704.609003587,0.0,-22.246430180171604,5.0181818181818185,0.0,31.82724712145424,0.0,552.0,6044780.990777925,2917816.4599631787,524953.0056439467,0.16124731123219152
15.84350112548336,6336704.609003587,0.0,-19.436058598254647,5.072727272727272,0.0,30.529435358357276,0.0,558.0,6044780.990777925,3017011.034740457,544634.5848357022,0.16124731123219152
15.84350112548336,6336704.609003587,0.0,-17.51641067967193,5.033057851239669,0.0,29.540523960047533,0.0,609.0,6044780.990777925,3677884.996238735,927487.4435171174,0.16124731123219152
15.84350112548336,6336704.609003587,0.0,-22.64371327407213,4.98,0.0,33.06442092301421,0.0,498.0,6044780.990777925,2729462.284009373,423725.35768198874,0.16124731123219152
15.84350112548336,6336704.609003587,0.0,-20.548582518647127,5.066115702479339,0.0,28.232262317547512,0.0,613.0,6044780.990777925,3489899.740057471,805428.0286667324,0.16124731123219152
15.84350112548336,6336704.609003587,0.0,-19.92206863373376,4.948275862068965,0.0,30.837826707788764,0.0,574.0,6044780.990777925,3316588.6101155705,698760.1511274026,0.16124731123219152
15.84350112548336,6336704.609003587,0.0,-17.600708958541066,5.033333333333333,0.0,28.684073691310125,0.0,604.0,6044780.990777925,3385631.447491263,681119.0486516526,0.16124731123219152
15.84350112548336,6336704.609003587,0.0,-17.499807302136087,4.934579439252336,0.0,30.804752396933644,0.0,528.0,6044780.990777925,3003714.151806974,609816.0195607245,0.16124731123219152
15.84350112548336,6336704.609003587,0.0,-16.74339791981708,5.049586776859504,0.0,29.812861922986286,0.0,611.0,6044780.990777925,3474790.9235387566,778054.3256685447,0.16124731123219152
15.84350112548336,6336704.609003587,0.0,-23.102286598644913,5.049586776859504,0.0,27.325745235492057,0.0,611.0,6044780.990777925,3435230.6110044476,700087.7298124576,0.16124731123219152
15.84350112548336,6336704.609003587,0.0,-19.26489026722833,5.033333333333333,0.0,31.086238112948184,0.0,604.0,6044780.990777925,3290612.984725154,617882.610232379,0.16124731123219152
15.84350112548336,6336704.609003587,0.0,-11.54403932192393,4.991596638655462,0.0,28.80051318046068,0.0,594.0,6044780.990777925,3456714.7600821014,762185.9861872173,0.16124731123219152
15.84350112548336,6336704.609003587,0.0,-16.615934799881778,4.897435897435898,0.0,28.47358851260482,0.0,573.0,6044780.990777925,3432636.8663212378,820104.8640577468,0.16124731123219152
15.84350112548336,6336704.609003587,0.0,-15.865385589849462,4.956896551724138,0.0,32.21788616395316,0.0,575.0,6044780.990777925,3367931.7675336096,803102.0671071305,0.16124731123219152
15.84350112548336,6336704.609003587,0.0,-20.434340503701414,5.033057851239669,0.0,30.134032645182128,0.0,609.0,6044780.990777925,3209083.517287334,516430.5128896571,0.16124731123219152
15.84350112548336,6336704.609003587,0.0,-21.651637704818175,5.074380165289257,0.0,29.63613779517072,0.0,614.0,6044780.990777925,3649211.8545659548,882017.9732973214,0.16124731123219152
15.84350112548336,6336704.609003587,0.0,-21.056660184700707,5.008333333333334,0.0,30.00956685617852,0.0,601.0,6044780.990777925,3642785.1046327683,907258.1104354785,0.16124731123219152
15.84350112548336,6336704.609003587,0.0,-16.127041830110546,4.938053097345133,0.0,29.090865532509834,0.0,558.0,6044780.990777925,3109843.0638264967,578644.2537955791,0.16124731123219152
15.84350112548336,6336704.609003587,0.0,-18.749777616963037,5.074380165289257,0.0,30.646301354187177,0.0,614.0,6044780.990777925,3381879.985912358,716042.7815002804,0.16124731123219152
15.84350112548336,6336704.609003587,0.0,-18.899927751473967,5.041322314049586,0.0,29.224496998180403,0.0,610.0,6044780.990777925,3147150.7311271457,489110.58018296346,0.16124731123219152
15.84350112548336,6336704.609003587,0.0,-22.20786196264301,5.024793388429752,0.0,28.83689287243727,0.0,608.0,6044780.990777925,3422784.184769052,704702.4679731105,0.16124731123219152
15.84350112548336,6336704.609003587,0.0,-13.796528116338488,5.0181818181818185,0.0,28.74477063017408,0.0,552.0,6044780.990777925,3159863.4550895356,627231.1407714528,0.16124731123219152
15.84350112548336,6336704.609003587,0.0,-18.342591391738047,4.923728813559322,0.0,29.287395691281638,0.0,581.0,6044780.990777925,3132708.126441803,539976.3861239457,0.16124731123219152
15.84350112548336,6336704.609003587,0.0,-21.461538491119867,4.991666666666666,0.0,24.825631313036403,0.0,599.0,6044780.990777925,3368587.175628391,709025.5328103448,0.16124731123219152
15.84350112548336,6336704.609003587,0.0,-16.516460913999566,5.0578512396694215,0.0,26.713051272094074,0.0,612.0,6044780.990777925,3442492.457243632,780642.4267602806,0.16124731123219152
15.84350112548336,6336704.609003587,0.0,-25.99528908127076,5.045454545454546,0.0,27.577336892573058,0.0,555.0,6044780.990777925,2881653.2363123437,463252.0732887305,0.16124731123219152
15.84350112548336,6336704.609003587,0.0,-28.563668005328058,5.0578512396694215,0.0,30.034167224403326,0.0,612.0,6044780.990777925,3449700.9915360166,796261.4280963012,0.16124731123219152
15.84350112548336,6336704.609003587,0.0,-18.68976663258567,4.903846153846154,0.0,29.918457630881374,0.0,510.0,6044780.990777925,2956767.9806415834,594306.8174250264,0.16124731123219152
15.84350112548336,6336704.609003587,0.0,-16.921077583889595,4.89622641509434,0.0,31.96839990059624,0.0,519.0,6044780.990777925,2942996.6719712643,542351.6540367069,0.16124731123219152
15.84350112548336,6336704.609003587,0.0,-22.88341953629515,5.033333333333333,0.0,28.08290107061333,0.0,604.0,6044780.990777925,3355505.8798430655,713857.7653398138,0.16124731123219152
15.84350112548336,6336704.609003587,0.0,-18.962354019522067,4.939655172413793,0.0,32.21615574364968,0.0,573.0,6044780.990777925,3307837.15036829,682348.669010002,0.16124731123219152
15.84350112548336,6336704.609003587,0.0,-18.144360088881736,5.0578512396694215,0.0,29.3260522685647,0.0,612.0,6044780.990777925,3381863.715513074,724047.5424350338,0.16124731123219152
15.84350112548336,6336704.609003587,0.0,-21.532552138737117,4.939130434782609,0.0,31.563216711354844,0.0,568.0,6044780.990777925,3256925.0420399904,687430.6829869658,0.16124731123219152
15.84350112548336,6336704.609003587,0.0,-17.344302852863084,5.0,0.0,32.187436202585296,0.0,555.0,6044780.990777925,3191057.3351890077,737296.767583276,0.16124731123219152
15.84350112548336,6336704.609003587,0.0,-18.627903378390922,5.027272727272727,0.0,30.01593995699227,0.0,553.0,6044780.990777925,3060069.36693248,632731.9099211144,0.16124731123219152
